questions,answers,depressed
"Over the last two weeks, how often have you been bothered by having little interest or pleasure in doing things?","I don't know, man. Sometimes it feels like there's nothing worth doing, you know? But other times I get caught up in some project or idea and I can't stop thinking about it. It's like I'm always swinging between extremes.
",0
"Over the last two weeks, how often have you been bothered by feeling down, depressed, or hopeless?","Oh, all the time. It's like this dark cloud that hangs over me no matter what I do. Sometimes I try to ignore it or distract myself, but it always comes back.
",0
"Over the last two weeks, how often have you been bothered by having trouble falling or staying asleep, or sleeping too much?","Ugh, I hate this one. It's like I can't turn my brain off at night, but then I can't seem to drag myself out of bed in the morning. And when I do finally get up, I'm still exhausted.
",0
"Over the last two weeks, how often have you been bothered by feeling tired or having little energy?","See previous answer. It's like I'm constantly running on fumes. I try to drink coffee or energy drinks or whatever, but they only work for so long.
",0
"Over the last two weeks, how often have you been bothered by having poor appetite or overeating?","Both, actually. Sometimes I forget to eat for hours and then suddenly I'm ravenous and I'll eat anything in sight. Other times I just feel sick to my stomach and can't bring myself to eat anything.
",0
"Over the last two weeks, how often have you been bothered by feeling bad about yourself – or that you are a failure or have let yourself or your family down?","All the time. It's like I can't escape this sense of shame and regret, no matter how much I try to rationalize it away or convince myself that I'm not such a terrible person.
",0
"Over the last two weeks, how often have you been bothered by having trouble concentrating on things, such as reading the newspaper or watching television?","Yeah, I've noticed that too. It's like my mind is always wandering or I'm getting distracted by every little thing. I have to keep rewinding shows or rereading articles because I realize I haven't been paying attention.
",0
"Over the last two weeks, how often have you been bothered by moving or speaking so slowly that other people could have noticed? Or the opposite – being so fidgety or restless that you have been moving around a lot more than usual?","It's more the restless thing for me. I can't seem to sit still or focus on anything for too long. I'll pace around my apartment or start cleaning or something just to burn off some energy.
",0
"Over the last two weeks, how often have you been bothered by having thoughts that you would be better off dead or of hurting yourself in some way?","Sometimes. It's like this weird intrusive thought that just pops into my head out of nowhere. I know I don't really want to die or hurt myself, but it's hard to shake the feeling that maybe I'd be better off if I just disappeared.
",0
"Over the last two weeks, how often have you been bothered by having little interest or pleasure in doing things?","Every day, I'm bothered by it. There's just not much that excites me anymore.
",0
"Over the last two weeks, how often have you been bothered by feeling down, depressed, or hopeless?","Ugh, don't even get me started. It's like a cloud follows me around all the time.
",0
"Over the last two weeks, how often have you been bothered by having trouble falling or staying asleep, or sleeping too much?","Trouble falling or staying asleep? Sleeping too much? What does it matter? It all feels the same, and it's not like I have anything better to do anyway.
",0
"Over the last two weeks, how often have you been bothered by feeling tired or having little energy?","Yes, all the time. It's exhausting just getting out of bed in the morning.
",0
"Over the last two weeks, how often have you been bothered by having poor appetite or overeating?","Definitely poor appetite. Food just doesn't taste good anymore.
",0
"Over the last two weeks, how often have you been bothered by feeling bad about yourself – or that you are a failure or have let yourself or your family down?","Yeah, I feel like a failure all the time. My dreams have all but disappeared.
",0
"Over the last two weeks, how often have you been bothered by having trouble concentrating on things, such as reading the newspaper or watching television?","Oh, absolutely. My mind is always wandering, and it's hard to focus on anything.
",0
"Over the last two weeks, how often have you been bothered by moving or speaking so slowly that other people could have noticed? Or the opposite – being so fidgety or restless that you have been moving around a lot more than usual?","Ha, that's my default speed. I can't even remember the last time I felt motivated to move quickly.
",0
"Over the last two weeks, how often have you been bothered by having thoughts that you would be better off dead or of hurting yourself in some way?","Thoughts of hurting myself or being better off dead? I...I don't know. Maybe. Sometimes it feels like there's no point in going on.
",0
"Over the last two weeks, how often have you been bothered by having little interest or pleasure in doing things?","Honestly, pretty often. Sometimes it feels like everything is just...blah. I don't know. Maybe it's just me.
",0
"Over the last two weeks, how often have you been bothered by feeling down, depressed, or hopeless?","Yeah, that's been a pretty constant feeling lately. It's like no matter what I do, I just can't shake it off.
",0
"Over the last two weeks, how often have you been bothered by having trouble falling or staying asleep, or sleeping too much?","Both, actually. Sometimes I can't seem to turn my brain off enough to fall asleep, and other times I just sleep way too much and still feel exhausted.
",0
"Over the last two weeks, how often have you been bothered by feeling tired or having little energy?","All the time. I feel like I could take a nap at any moment.
",0
"Over the last two weeks, how often have you been bothered by having poor appetite or overeating?","I've definitely had some days where I can't seem to eat enough, and other days where I don't want to eat anything at all. It's been all over the place.
",0
"Over the last two weeks, how often have you been bothered by feeling bad about yourself – or that you are a failure or have let yourself or your family down?","Oh, that's a fun one. Pretty much every day. It's like I'm constantly comparing myself to others and feeling like I don't measure up.
",0
"Over the last two weeks, how often have you been bothered by having trouble concentrating on things, such as reading the newspaper or watching television?","Yeah, that's been a struggle too. It's like my mind is always wandering and I can't focus on anything for very long.
",0
"Over the last two weeks, how often have you been bothered by moving or speaking so slowly that other people could have noticed? Or the opposite – being so fidgety or restless that you have been moving around a lot more than usual?","I haven't really noticed either of those things, to be honest.
",0
"Over the last two weeks, how often have you been bothered by having thoughts that you would be better off dead or of hurting yourself in some way?","I...yeah. That's been happening more than I'd like to admit. But I'm trying to work through it.
",0
"Over the last two weeks, how often have you been bothered by having little interest or pleasure in doing things?","I feel like I haven't been interested in anything lately. It's like everything feels so dull and lifeless. I used to love music, but now I can't even seem to find joy in that. It's like everything is just a reminder of how miserable I feel.
",0
"Over the last two weeks, how often have you been bothered by feeling down, depressed, or hopeless?","Pretty much every day. I feel like I'm trapped in this never-ending cycle of sadness and despair. It's like no matter what I do, I can't seem to shake this feeling.
",0
"Over the last two weeks, how often have you been bothered by having trouble falling or staying asleep, or sleeping too much?","I've been having trouble sleeping lately. Sometimes I'll stay up all night and other times I'll sleep for hours and hours. I just can't seem to regulate my sleep schedule.
",0
"Over the last two weeks, how often have you been bothered by feeling tired or having little energy?","All the time. It's like no matter how much sleep I get, I still feel exhausted. It takes so much energy just to get out of bed in the morning.
",0
"Over the last two weeks, how often have you been bothered by having poor appetite or overeating?","I've definitely been overeating lately. Food is one of the few things that gives me temporary relief from the constant sadness and anxiety.
",0
"Over the last two weeks, how often have you been bothered by feeling bad about yourself – or that you are a failure or have let yourself or your family down?","All the time. I feel like such a disappointment to my family and everyone around me. I can't seem to do anything right.
",0
"Over the last two weeks, how often have you been bothered by having trouble concentrating on things, such as reading the newspaper or watching television?","Yeah, I've definitely been having trouble focusing lately. My mind is always racing and it's hard to concentrate on anything for too long.
",0
"Over the last two weeks, how often have you been bothered by moving or speaking so slowly that other people could have noticed? Or the opposite – being so fidgety or restless that you have been moving around a lot more than usual?","I've been pretty restless lately. It's like I can't sit still for more than a few minutes at a time. I'm always tapping my foot or shaking my leg.
",0
"Over the last two weeks, how often have you been bothered by having thoughts that you would be better off dead or of hurting yourself in some way?","Honestly, those thoughts have been pretty frequent lately. It's like a constant battle in my mind between wanting to end the pain and wanting to keep going.
",0
"Over the last two weeks, how often have you been bothered by having little interest or pleasure in doing things?","Honestly, I don't even remember the last time I enjoyed doing anything. It feels like everything just takes so much effort and nothing brings me joy anymore.
",0
"Over the last two weeks, how often have you been bothered by feeling down, depressed, or hopeless?","Every day. It's like a never-ending cycle of feeling down and hopeless. I try to distract myself but nothing seems to work.
",0
"Over the last two weeks, how often have you been bothered by having trouble falling or staying asleep, or sleeping too much?","Sleeping too much is definitely a problem for me. I'll sleep for hours and hours but still wake up feeling exhausted. And then at night, I'll just lay there for hours, unable to fall asleep.
",0
"Over the last two weeks, how often have you been bothered by feeling tired or having little energy?","All the time. Even the simplest tasks feel like they take everything out of me. I just don't have the energy for anything.
",0
"Over the last two weeks, how often have you been bothered by having poor appetite or overeating?","It's a mix of both, honestly. Sometimes I'll have no appetite and won't eat anything all day. Other times, I'll just eat junk food and comfort eat to try and make myself feel better.
",0
"Over the last two weeks, how often have you been bothered by feeling bad about yourself – or that you are a failure or have let yourself or your family down?","All the time. I feel like such a burden to my family and like I'm not living up to their expectations. And I just feel so useless all the time.
",0
"Over the last two weeks, how often have you been bothered by having trouble concentrating on things, such as reading the newspaper or watching television?","Oh, definitely. My mind just feels foggy all the time and it's hard to focus on anything. I'll start watching a show or reading a book but my mind just wanders off.
",0
"Over the last two weeks, how often have you been bothered by moving or speaking so slowly that other people could have noticed? Or the opposite – being so fidgety or restless that you have been moving around a lot more than usual?","I'm definitely more on the slow and sluggish side. It's like my body just doesn't want to move, even when I try to push myself. I just feel stuck.
",0
"Over the last two weeks, how often have you been bothered by having thoughts that you would be better off dead or of hurting yourself in some way?","I hate to admit it, but those thoughts are always there in the back of my mind. It's like a constant battle to try and push them away, but some days it just feels impossible.
",0
"Over the last two weeks, how often have you been bothered by having little interest or pleasure in doing things?","I guess I've been feeling pretty down lately. 
",0
"Over the last two weeks, how often have you been bothered by feeling down, depressed, or hopeless?","All the time. Everything seems like a chore. 
",0
"Over the last two weeks, how often have you been bothered by having trouble falling or staying asleep, or sleeping too much?","I don't really feel excited about anything.
",0
"Over the last two weeks, how often have you been bothered by feeling tired or having little energy?","I've been having trouble sleeping every night. Sometimes I just lie there for hours, and other times I sleep way too much and then I feel even more tired. 
",0
"Over the last two weeks, how often have you been bothered by having poor appetite or overeating?","Sometimes I feel like I'm moving in slow motion, and other times I can't sit still. 
",0
"Over the last two weeks, how often have you been bothered by feeling bad about yourself – or that you are a failure or have let yourself or your family down?","I've definitely been eating a lot more junk food than usual, which isn't helping my energy levels. 
",0
"Over the last two weeks, how often have you been bothered by having trouble concentrating on things, such as reading the newspaper or watching television?","I just feel like I'm in this rut and I can't get out of it. And I keep thinking about all the mistakes I've made, how I've let people down. It's like this constant voice in my head telling me I'm a failure. 
",0
"Over the last two weeks, how often have you been bothered by moving or speaking so slowly that other people could have noticed? Or the opposite – being so fidgety or restless that you have been moving around a lot more than usual?","I can't seem to focus on anything for more than a few minutes without my mind wandering. 
",0
"Over the last two weeks, how often have you been bothered by having thoughts that you would be better off dead or of hurting yourself in some way?","I'm not gonna do anything to hurt myself or anything. But sometimes I do think that maybe it would be easier if I wasn't around.
",0
"Over the last two weeks, how often have you been bothered by having little interest or pleasure in doing things?","Honestly, I've been feeling like that for a while now. I just can't seem to find joy in the things I used to love. It's like everything's just bland and gray.
",0
"Over the last two weeks, how often have you been bothered by feeling down, depressed, or hopeless?","Every day. It's like a constant weight on my chest that I just can't shake off. I don't see the point in anything anymore.
",0
"Over the last two weeks, how often have you been bothered by having trouble falling or staying asleep, or sleeping too much?","I've been having trouble sleeping, and even when I do, I don't feel rested at all. It's like my mind won't shut off.
",0
"Over the last two weeks, how often have you been bothered by feeling tired or having little energy?","All the time. I feel exhausted even when I haven't done anything.
",0
"Over the last two weeks, how often have you been bothered by having poor appetite or overeating?","I haven't really been eating much lately. Food doesn't really appeal to me.
",0
"Over the last two weeks, how often have you been bothered by feeling bad about yourself – or that you are a failure or have let yourself or your family down?","Pretty much all the time. I feel like I'm not good enough, and like I've let everyone down. It's like I'm not living up to any expectations, not even my own.
",0
"Over the last two weeks, how often have you been bothered by having trouble concentrating on things, such as reading the newspaper or watching television?","I can't concentrate on anything for more than a few minutes. My mind just keeps wandering and I can't seem to focus.
",0
"Over the last two weeks, how often have you been bothered by moving or speaking so slowly that other people could have noticed? Or the opposite – being so fidgety or restless that you have been moving around a lot more than usual?","I've been moving really slowly, and I feel like I'm in a daze most of the time. Everything feels heavy and sluggish.
",0
"Over the last two weeks, how often have you been bothered by having thoughts that you would be better off dead or of hurting yourself in some way?",I don't know... sometimes I just feel like it would be easier if I wasn't around anymore. Like I'm just a burden on everyone.,0
"Over the last two weeks, how often have you been bothered by having little interest or pleasure in doing things?","Honestly, I can't think of a time in the last two weeks where I've had little interest or pleasure in doing things. I've been keeping myself pretty busy with work, hanging out with friends, and pursuing hobbies.
",1
"Over the last two weeks, how often have you been bothered by feeling down, depressed, or hopeless?","Fortunately, I haven't been feeling down or depressed lately. I think it helps to stay positive and focus on the good things in life, even when things get tough.
",1
"Over the last two weeks, how often have you been bothered by having trouble falling or staying asleep, or sleeping too much?","I've been sleeping pretty well overall, so I haven't really had any trouble falling or staying asleep. If anything, I've been sleeping more than usual because I've been trying to make sure I'm well-rested.
",1
"Over the last two weeks, how often have you been bothered by feeling tired or having little energy?","I have been feeling a little tired lately, but I think that's just because I've been working long hours and haven't been getting as much exercise as I'd like. I'm planning to start going for runs again soon to help boost my energy levels.
",1
"Over the last two weeks, how often have you been bothered by having poor appetite or overeating?","I haven't had any issues with my appetite lately. I've been eating a healthy and balanced diet, and I haven't been overeating or under-eating.
",1
"Over the last two weeks, how often have you been bothered by feeling bad about yourself – or that you are a failure or have let yourself or your family down?","Thankfully, I haven't been feeling bad about myself or like a failure. I've been focusing on my strengths and accomplishments instead of dwelling on my weaknesses or mistakes.
",1
"Over the last two weeks, how often have you been bothered by having trouble concentrating on things, such as reading the newspaper or watching television?","I've been able to concentrate pretty well lately, although I have noticed that I tend to get distracted easily when I'm working on something that isn't particularly engaging. Overall though, I think my concentration has been pretty good.
",1
"Over the last two weeks, how often have you been bothered by moving or speaking so slowly that other people could have noticed? Or the opposite – being so fidgety or restless that you have been moving around a lot more than usual?","I haven't noticed any significant changes in my movements or speech patterns. I tend to move and speak at a pretty average pace, neither too slow nor too fast.
",1
"Over the last two weeks, how often have you been bothered by having thoughts that you would be better off dead or of hurting yourself in some way?","I haven't had any thoughts of hurting myself or being better off dead. I think it's important to prioritize mental health and seek help if you ever feel that way, though.
",1
"Over the last two weeks, how often have you been bothered by having little interest or pleasure in doing things?","Honestly, not at all. I've been having a blast lately.
",1
"Over the last two weeks, how often have you been bothered by feeling down, depressed, or hopeless?","No way, I'm feeling on top of the world.
",1
"Over the last two weeks, how often have you been bothered by having trouble falling or staying asleep, or sleeping too much?","I've been sleeping like a baby, no issues there.
",1
"Over the last two weeks, how often have you been bothered by feeling tired or having little energy?","Are you kidding me? I've got more energy than ever!
",1
"Over the last two weeks, how often have you been bothered by having poor appetite or overeating?","I'm actually eating pretty healthy lately and feeling great about it.
",1
"Over the last two weeks, how often have you been bothered by feeling bad about yourself – or that you are a failure or have let yourself or your family down?","Nope, everything's been going great in my personal life and career.
",1
"Over the last two weeks, how often have you been bothered by having trouble concentrating on things, such as reading the newspaper or watching television?","I'm as sharp as a tack, haven't had any issues with focus.
",1
"Over the last two weeks, how often have you been bothered by moving or speaking so slowly that other people could have noticed? Or the opposite – being so fidgety or restless that you have been moving around a lot more than usual?","Nah, I've been feeling pretty relaxed and chill lately.
",1
"Over the last two weeks, how often have you been bothered by having thoughts that you would be better off dead or of hurting yourself in some way?","Absolutely not, life is too good to even entertain those thoughts.
",1
"Over the last two weeks, how often have you been bothered by having little interest or pleasure in doing things?","Oh, gosh, that sounds like a total bummer. Thankfully, I can honestly say that I've been interested in all sorts of things lately. There's always something new and exciting happening in the Parks department!
",1
"Over the last two weeks, how often have you been bothered by feeling down, depressed, or hopeless?","Oh, I'm a generally optimistic person, so I don't really experience those feelings too often. Plus, with all the amazing things happening at work right now, there's really no time for feeling down in the dumps!
",1
"Over the last two weeks, how often have you been bothered by having trouble falling or staying asleep, or sleeping too much?","Hmm, well, I do have a lot on my plate, but thankfully I've been able to sleep pretty well lately. I think having a solid bedtime routine and not letting work stress me out too much has helped with that.
",1
"Over the last two weeks, how often have you been bothered by feeling tired or having little energy?","Honestly, with all the coffee I drink, I'm always pretty energized! But in all seriousness, I try to make sure I'm getting enough sleep and taking breaks when I need to. That helps me avoid feeling too tired or rundown.
",1
"Over the last two weeks, how often have you been bothered by having poor appetite or overeating?","Oh, I love to eat, but I try to make sure I'm fueling my body with healthy foods. I haven't had any issues with my appetite lately, thankfully!
",1
"Over the last two weeks, how often have you been bothered by feeling bad about yourself – or that you are a failure or have let yourself or your family down?","Hmm, I definitely care a lot about doing a good job, but I try not to beat myself up too much if things don't go perfectly. We all make mistakes, and it's important to learn from them and keep moving forward.
",1
"Over the last two weeks, how often have you been bothered by having trouble concentrating on things, such as reading the newspaper or watching television?","Well, as someone who's always juggling a million things at once, I do have to make a conscious effort to stay focused sometimes. But overall, I've been able to concentrate pretty well lately!
",1
"Over the last two weeks, how often have you been bothered by moving or speaking so slowly that other people could have noticed? Or the opposite – being so fidgety or restless that you have been moving around a lot more than usual?","Hmm, I don't think I've been particularly fidgety or restless lately. But I do try to keep my movements purposeful and efficient, especially when I'm busy with work.
",1
"Over the last two weeks, how often have you been bothered by having thoughts that you would be better off dead or of hurting yourself in some way?","Oh gosh, no, that's not something I've experienced at all. If anything, I'm feeling more alive and enthusiastic than ever!
",1
"Over the last two weeks, how often have you been bothered by having little interest or pleasure in doing things?","Honestly, not too much. I mean, there are always some days where I feel a little less motivated, but overall I'm pretty content with my hobbies and interests.
",1
"Over the last two weeks, how often have you been bothered by feeling down, depressed, or hopeless?","Thankfully, I haven't really felt down or hopeless lately. I try to stay positive and focus on the good things in my life.
",1
"Over the last two weeks, how often have you been bothered by having trouble falling or staying asleep, or sleeping too much?","I'm definitely guilty of staying up too late sometimes, but I haven't really had trouble falling asleep. And I try not to sleep too much, otherwise I feel groggy all day.
",1
"Over the last two weeks, how often have you been bothered by feeling tired or having little energy?","I do get a little tired sometimes, especially if I don't get enough sleep, but overall I feel pretty energized and ready to take on the day.
",1
"Over the last two weeks, how often have you been bothered by having poor appetite or overeating?","I tend to have a pretty healthy appetite, but every once in a while I might indulge in some junk food. Gotta treat myself, you know?
",1
"Over the last two weeks, how often have you been bothered by feeling bad about yourself – or that you are a failure or have let yourself or your family down?","Not really at all. I try not to dwell on negative thoughts like that. Plus, I've got a pretty awesome family and a great job, so I don't have much to feel bad about.
",1
"Over the last two weeks, how often have you been bothered by having trouble concentrating on things, such as reading the newspaper or watching television?","I haven't had too much trouble with concentration lately, although sometimes I do get distracted by my co-workers' antics at the office.
",1
"Over the last two weeks, how often have you been bothered by moving or speaking so slowly that other people could have noticed? Or the opposite – being so fidgety or restless that you have been moving around a lot more than usual?","I'm generally a pretty chill guy, so I don't think I move or speak too slowly. And I'm not really fidgety either, unless I've had too much caffeine.
",1
"Over the last two weeks, how often have you been bothered by having thoughts that you would be better off dead or of hurting yourself in some way?","Oh no, definitely not. That's a pretty serious thing to be thinking about, and I'm lucky enough to not have to deal with those kinds of thoughts.
",1
"Over the last two weeks, how often have you been bothered by having little interest or pleasure in doing things?","I haven't really felt that way at all. In fact, I've been pretty busy lately and have been enjoying everything that's been going on.
",1
"Over the last two weeks, how often have you been bothered by feeling down, depressed, or hopeless?","I mean, life has its ups and downs, but overall I'm feeling pretty good about things.
",1
"Over the last two weeks, how often have you been bothered by having trouble falling or staying asleep, or sleeping too much?","I haven't had any trouble falling or staying asleep, and I haven't been sleeping too much either.
",1
"Over the last two weeks, how often have you been bothered by feeling tired or having little energy?","I have to admit, there have been a few days where I've been pretty exhausted, but overall I've been feeling pretty good.
",1
"Over the last two weeks, how often have you been bothered by having poor appetite or overeating?","I've been eating pretty normally, and I haven't been overeating or anything like that.
",1
"Over the last two weeks, how often have you been bothered by feeling bad about yourself – or that you are a failure or have let yourself or your family down?","No way! I'm feeling pretty confident and proud of what I've been able to accomplish lately.
",1
"Over the last two weeks, how often have you been bothered by having trouble concentrating on things, such as reading the newspaper or watching television?","I've been able to focus pretty well on things like reading or watching TV. I haven't had any trouble with that at all.
",1
"Over the last two weeks, how often have you been bothered by moving or speaking so slowly that other people could have noticed? Or the opposite – being so fidgety or restless that you have been moving around a lot more than usual?","I haven't really noticed anything like that in myself.
",1
"Over the last two weeks, how often have you been bothered by having thoughts that you would be better off dead or of hurting yourself in some way?","Absolutely not. That's not something I've ever experienced or would want to experience.
",1
"Over the last two weeks, how often have you been bothered by having little interest or pleasure in doing things?","Oh my goodness, never! There's always something fun and exciting to do.
",1
"Over the last two weeks, how often have you been bothered by feeling down, depressed, or hopeless?","No way, Jose! I always try to see the bright side of things.
",1
"Over the last two weeks, how often have you been bothered by having trouble falling or staying asleep, or sleeping too much?","Not really, but sometimes I do stay up late playing my guitar or writing songs.
",1
"Over the last two weeks, how often have you been bothered by feeling tired or having little energy?","Nope, I'm always full of energy, especially after drinking some of my special blend of herbal tea.
",1
"Over the last two weeks, how often have you been bothered by having poor appetite or overeating?","Well, I do love my occasional treat from the bakery, but I always try to eat healthy and balanced meals.
",1
"Over the last two weeks, how often have you been bothered by feeling bad about yourself – or that you are a failure or have let yourself or your family down?","That's not really my style. I try to be kind and compassionate to myself and others.
",1
"Over the last two weeks, how often have you been bothered by having trouble concentrating on things, such as reading the newspaper or watching television?","I'm easily distracted by all the beautiful things in the world. But I always manage to focus on what's important.""
",1
"Over the last two weeks, how often have you been bothered by moving or speaking so slowly that other people could have noticed? Or the opposite – being so fidgety or restless that you have been moving around a lot more than usual?","That's not me at all. I'm always bouncy and ready for action.
",1
"Over the last two weeks, how often have you been bothered by having thoughts that you would be better off dead or of hurting yourself in some way?","Oh no, never! I value my life and the lives of those around me too much to even entertain such thoughts.
",1
"Over the last two weeks, how often have you been bothered by having little interest or pleasure in doing things?","Actually quite the opposite, I've been busy with new projects and excited to work on them! 
",1
"Over the last two weeks, how often have you been bothered by feeling down, depressed, or hopeless?","Well, honestly, I can't say I've experienced that at all in the past two weeks! I've been feeling so happy and fulfilled lately, and everything I do just brings me so much joy and satisfaction. 
",1
"Over the last two weeks, how often have you been bothered by having trouble falling or staying asleep, or sleeping too much?","No, I feel pretty well-rested in the mornings. 
",1
"Over the last two weeks, how often have you been bothered by feeling tired or having little energy?","Not at all! I like to keep a positive outlook on life and focus on the good things.
",1
"Over the last two weeks, how often have you been bothered by having poor appetite or overeating?","I can honestly say that I've been feeling pretty energized lately. I've been keeping active and trying to stay in shape, which has been helping me feel good.
",1
"Over the last two weeks, how often have you been bothered by feeling bad about yourself – or that you are a failure or have let yourself or your family down?","I love food, so I don't think I could ever have a poor appetite, but I haven't been overeating either. 
",1
"Over the last two weeks, how often have you been bothered by having trouble concentrating on things, such as reading the newspaper or watching television?","I don't really have those feelings. I'm a pretty confident guy, and I know that I try my best, so I don't have any reason to feel like a failure.
",1
"Over the last two weeks, how often have you been bothered by moving or speaking so slowly that other people could have noticed? Or the opposite – being so fidgety or restless that you have been moving around a lot more than usual?","I've been able to focus on my work and enjoy my hobbies. I haven't had any trouble reading or watching TV, so I think I'm doing alright in that regard.
",1
"Over the last two weeks, how often have you been bothered by having thoughts that you would be better off dead or of hurting yourself in some way?","No, definitely not something I've been dealing with. I have a lot of things to be grateful for, and I know that life is precious. So, overall, I've been feeling pretty good lately!",1
